"dx","label","right","left","SD","skew","phenotype"
"AD","lh_bankssts",13.9120756816917,12.4652198107958,0.308928759060002,0.0108445302842445,"GM"
"ADHD","lh_bankssts",11.0082304526749,10.082304526749,0.293849693256925,0.0108445302842445,"GM"
"ASD","lh_bankssts",11.7795753286148,10.2123356926188,0.29430297705084,0.0108445302842445,"GM"
"CN","lh_bankssts",9.50308336315443,9.25841163106166,0.283255557160188,0.0108445302842445,"GM"
"MCI","lh_bankssts",12.8039702233251,11.2158808933002,0.301440893439646,0.0108445302842445,"GM"
"SCZ","lh_bankssts",8.42032011134308,10.7863604732081,0.287266421446512,0.0108445302842445,"GM"
"AD","lh_caudalanteriorcingulate",9.81321438528018,10.3150264845275,0.289794505201068,0.00948621228700379,"GM"
"ADHD","lh_caudalanteriorcingulate",9.96916752312436,10.688591983556,0.294392087228345,0.00948621228700379,"GM"
"ASD","lh_caudalanteriorcingulate",10.2680829539707,10.2175012645422,0.291188423708855,0.00948621228700379,"GM"
"CN","lh_caudalanteriorcingulate",9.54045081251092,9.93401729029896,0.286958849631706,0.00948621228700379,"GM"
"MCI","lh_caudalanteriorcingulate",10.5080545229244,9.24411400247832,0.287102800953478,0.00948621228700379,"GM"
"SCZ","lh_caudalanteriorcingulate",9.31849791376912,12.4478442280946,0.297215695593925,0.00948621228700379,"GM"
"AD","lh_caudalmiddlefrontal",9.62983579181742,11.9398831060395,0.29260115481325,0.00315189656341746,"GM"
"ADHD","lh_caudalmiddlefrontal",7.30452674897119,10.082304526749,0.280652692409673,0.00315189656341746,"GM"
"ASD","lh_caudalmiddlefrontal",10.2071753410814,10.3587670540677,0.291169471498483,0.00315189656341746,"GM"
"CN","lh_caudalmiddlefrontal",9.01162548786272,9.44435660372648,0.282018133446321,0.00315189656341746,"GM"
"MCI","lh_caudalmiddlefrontal",8.80456349206349,9.42460317460317,0.281361622617031,0.00315189656341746,"GM"
"SCZ","lh_caudalmiddlefrontal",10.2225312934631,7.09318497913769,0.277238832519245,0.00315189656341746,"GM"
"AD","lh_cuneus",11.4484679665738,12.033426183844,0.298589408973876,0.00391865701111728,"GM"
"ADHD","lh_cuneus",10.3909465020576,12.037037037037,0.292218126259119,0.00391865701111728,"GM"
"ASD","lh_cuneus",11.3302984319676,9.25644916540212,0.294481373570348,0.00391865701111728,"GM"
"CN","lh_cuneus",9.33226200639448,9.5908870252264,0.284136866290185,0.00391865701111728,"GM"
"MCI","lh_cuneus",7.59305210918114,10.893300248139,0.282367848952667,0.00391865701111728,"GM"
"SCZ","lh_cuneus",10.1600556715379,8.76826722338205,0.284032415680962,0.00391865701111728,"GM"
"AD","lh_entorhinal",18.359375,13.8671875,0.325555803113529,0.00929373803616903,"GM"
"ADHD","lh_entorhinal",10.5858170606372,8.53031860226105,0.279541567746852,0.00929373803616903,"GM"
"ASD","lh_entorhinal",11.2911392405063,8,0.284436882321365,0.00929373803616903,"GM"
"CN","lh_entorhinal",9.32317794703422,9.28317861368977,0.281722720972703,0.00929373803616903,"GM"
"MCI","lh_entorhinal",14.5089285714286,12.5744047619048,0.312191342603656,0.00929373803616903,"GM"
"SCZ","lh_entorhinal",10.8484005563282,8.8317107093185,0.285049734556247,0.00929373803616903,"GM"
"AD","lh_frontalpole",10.398661834402,11.318650683022,0.293200536804971,-0.000745725038566489,"GM"
"ADHD","lh_frontalpole",11.0996916752312,8.11921891058582,0.285954312423782,-0.000745725038566489,"GM"
"ASD","lh_frontalpole",10.9706774519717,10.51567239636,0.289425063360344,-0.000745725038566489,"GM"
"CN","lh_frontalpole",9.64360063285869,9.58447830793571,0.284190222261617,-0.000745725038566489,"GM"
"MCI","lh_frontalpole",9.44099378881988,9.16770186335404,0.28334330479644,-0.000745725038566489,"GM"
"SCZ","lh_frontalpole",8.77437325905292,11.4902506963788,0.287903670605311,-0.000745725038566489,"GM"
"AD","lh_fusiform",14.3612580016699,15.9476760367381,0.321658204617237,0.00497569181772431,"GM"
"ADHD","lh_fusiform",12.7440904419322,8.01644398766701,0.288788359816933,0.00497569181772431,"GM"
"ASD","lh_fusiform",14.3579373104146,8.79676440849343,0.295789296000959,0.00497569181772431,"GM"
"CN","lh_fusiform",9.61130565698743,9.47905142942698,0.28487496569505,0.00497569181772431,"GM"
"MCI","lh_fusiform",12.816063460585,13.0639563708478,0.30774952370894,0.00497569181772431,"GM"
"SCZ","lh_fusiform",7.79944289693593,9.67966573816156,0.275417990548324,0.00497569181772431,"GM"
"AD","lh_HEMI",24.4743481917578,22.1754976170451,0.369186795240977,-0.00879854926936996,"GM"
"ADHD","lh_HEMI",9.97942386831276,9.05349794238683,0.283724671518218,-0.00879854926936996,"GM"
"ASD","lh_HEMI",11.6843702579666,9.86342943854325,0.291465358313699,-0.00879854926936996,"GM"
"CN","lh_HEMI",9.1769523154247,9.2096762013442,0.278775576428226,-0.00879854926936996,"GM"
"MCI","lh_HEMI",18.1006694768163,17.4559880981899,0.337392944342618,-0.00879854926936996,"GM"
"SCZ","lh_HEMI",10.8484005563282,12.5173852573018,0.303756534782371,-0.00879854926936996,"GM"
"AD","lh_inferiorparietal",13.3351893095768,12.8062360801782,0.308259820283231,-9.92136761327686e-06,"GM"
"ADHD","lh_inferiorparietal",9.35251798561151,12.4357656731757,0.289687779489202,-9.92136761327686e-06,"GM"
"ASD","lh_inferiorparietal",9.34815563415867,10.5103587670541,0.289233816522795,-9.92136761327686e-06,"GM"
"CN","lh_inferiorparietal",9.73009828214125,9.67521992915703,0.285573927792023,-9.92136761327686e-06,"GM"
"MCI","lh_inferiorparietal",11.4002478314746,9.71499380421313,0.291582243447094,-9.92136761327686e-06,"GM"
"SCZ","lh_inferiorparietal",10.0139082058414,10.9874826147427,0.292503983059301,-9.92136761327686e-06,"GM"
"AD","lh_inferiortemporal",17.7895322939866,14.6993318485523,0.327779029426285,-0.00454204992191379,"GM"
"ADHD","lh_inferiortemporal",9.96916752312436,9.55806783144913,0.2903338311717,-0.00454204992191379,"GM"
"ASD","lh_inferiortemporal",11.324570273003,10.3640040444894,0.293533993230057,-0.00454204992191379,"GM"
"CN","lh_inferiortemporal",9.59929473211464,9.62923534988938,0.284973417882494,-0.00454204992191379,"GM"
"MCI","lh_inferiortemporal",14.2538423401091,11.8988596926128,0.309991854596489,-0.00454204992191379,"GM"
"SCZ","lh_inferiortemporal",9.11621433542102,10.6471816283925,0.289622303723995,-0.00454204992191379,"GM"
"AD","lh_insula",12.5556792873051,15.5623608017817,0.312589728738359,-0.01695365479387,"GM"
"ADHD","lh_insula",11.6135662898253,9.55806783144913,0.290313574636379,-0.01695365479387,"GM"
"ASD","lh_insula",11.7290192113246,10.3640040444894,0.296628509618102,-0.01695365479387,"GM"
"CN","lh_insula",9.84829561539358,9.59767530932041,0.285801823213016,-0.01695365479387,"GM"
"MCI","lh_insula",13.0272952853598,10.4714640198511,0.30023737057911,-0.01695365479387,"GM"
"SCZ","lh_insula",9.95128740431455,9.74251913709116,0.287647788165307,-0.01695365479387,"GM"
"AD","lh_isthmuscingulate",11.0396869759642,13.4991615427613,0.302347394391423,-0.00583239389181387,"GM"
"ADHD","lh_isthmuscingulate",9.25925925925926,10.2880658436214,0.283813650591635,-0.00583239389181387,"GM"
"ASD","lh_isthmuscingulate",9.30703085483055,10.3186646433991,0.287214268821817,-0.00583239389181387,"GM"
"CN","lh_isthmuscingulate",9.49892483872581,9.71062326015569,0.284990921527259,-0.00583239389181387,"GM"
"MCI","lh_isthmuscingulate",9.95037220843673,11.3399503722084,0.290904775029448,-0.00583239389181387,"GM"
"SCZ","lh_isthmuscingulate",10.0834492350487,11.4047287899861,0.29112009327976,-0.00583239389181387,"GM"
"AD","lh_lateraloccipital",12.0512106874478,12.6913442805455,0.301388165221197,0.002470784733451,"GM"
"ADHD","lh_lateraloccipital",9.66084275436793,11.6135662898253,0.289190380883892,0.002470784733451,"GM"
"ASD","lh_lateraloccipital",10.1566447700859,8.8933804951996,0.285234750618719,0.002470784733451,"GM"
"CN","lh_lateraloccipital",9.81117950424222,9.57577774080852,0.28598116201852,0.002470784733451,"GM"
"MCI","lh_lateraloccipital",10.2106567534077,11.9950433705081,0.296526264645778,0.002470784733451,"GM"
"SCZ","lh_lateraloccipital",9.80528511821975,10.778859527121,0.286665517931249,0.002470784733451,"GM"
"AD","lh_lateralorbitofrontal",14.1942666295575,11.5780684664626,0.307986428295427,-0.00222686682426051,"GM"
"ADHD","lh_lateralorbitofrontal",10.0719424460432,8.11921891058582,0.285919892732382,-0.00222686682426051,"GM"
"ASD","lh_lateralorbitofrontal",10.262891809909,11.2740141557128,0.292287156272943,-0.00222686682426051,"GM"
"CN","lh_lateralorbitofrontal",9.65489112339349,9.63990810414863,0.285996868675745,-0.00222686682426051,"GM"
"MCI","lh_lateralorbitofrontal",9.97766195085629,11.1193844626458,0.29296466718809,-0.00222686682426051,"GM"
"SCZ","lh_lateralorbitofrontal",9.66620305980529,9.66620305980529,0.288928312808623,-0.00222686682426051,"GM"
"AD","lh_lingual",12.9211918685603,11.3338902812587,0.301117907733566,0.0038300315804654,"GM"
"ADHD","lh_lingual",10.2880658436214,9.67078189300411,0.283134208068619,0.0038300315804654,"GM"
"ASD","lh_lingual",11.1279716742539,8.19423368740516,0.282259361692085,0.0038300315804654,"GM"
"CN","lh_lingual",9.06721947483224,9.27119236725111,0.280481077050975,0.0038300315804654,"GM"
"MCI","lh_lingual",11.8988596926128,9.99008428358949,0.294612396081205,0.0038300315804654,"GM"
"SCZ","lh_lingual",9.73574408901252,9.10987482614743,0.284784171200386,0.0038300315804654,"GM"
"AD","lh_medialorbitofrontal",10.9409799554566,11.3307349665924,0.296969279880766,-0.00281265539942276,"GM"
"ADHD","lh_medialorbitofrontal",11.8191161356629,10.0719424460432,0.290644807779618,-0.00281265539942276,"GM"
"ASD","lh_medialorbitofrontal",9.65133906013138,10.7630116220313,0.289361935842286,-0.00281265539942276,"GM"
"CN","lh_medialorbitofrontal",9.56942179022003,9.74168636197197,0.285599114443083,-0.00281265539942276,"GM"
"MCI","lh_medialorbitofrontal",9.88847583643123,9.91325898389096,0.286453459087616,-0.00281265539942276,"GM"
"SCZ","lh_medialorbitofrontal",9.67292971468337,10.9255393180237,0.291130272658902,-0.00281265539942276,"GM"
"AD","lh_middletemporal",20.3672787979967,15.0528658875904,0.33493604002727,0.00156313431398181,"GM"
"ADHD","lh_middletemporal",10.4830421377184,9.76361767728674,0.286744614310976,0.00156313431398181,"GM"
"ASD","lh_middletemporal",12.6831733198585,9.55027791814048,0.295262499034034,0.00156313431398181,"GM"
"CN","lh_middletemporal",9.35100373540985,9.45250039517142,0.284067894547177,0.00156313431398181,"GM"
"MCI","lh_middletemporal",15.9395141298959,11.8988596926128,0.314147596518931,0.00156313431398181,"GM"
"SCZ","lh_middletemporal",9.73574408901252,10.9179415855355,0.292039398700293,0.00156313431398181,"GM"
"AD","lh_paracentral",10.5204564430838,13.0809908154745,0.298621242389217,-0.00815171462984746,"GM"
"ADHD","lh_paracentral",9.48453608247423,11.2371134020619,0.289967559270733,-0.00815171462984746,"GM"
"ASD","lh_paracentral",8.94843276036401,9.70677451971689,0.284624611623981,-0.00815171462984746,"GM"
"CN","lh_paracentral",9.28959019940744,9.40943440194414,0.282962689254855,-0.00815171462984746,"GM"
"MCI","lh_paracentral",10.0446428571429,12.078373015873,0.294948749663243,-0.00815171462984746,"GM"
"SCZ","lh_paracentral",8.48990953375087,9.04662491301322,0.280908939074691,-0.00815171462984746,"GM"
"AD","lh_parahippocampal",13.2829977628635,11.6890380313199,0.306404158855311,0.00804043023625291,"GM"
"ADHD","lh_parahippocampal",10.1956745623069,9.47476828012358,0.279266615846835,0.00804043023625291,"GM"
"ASD","lh_parahippocampal",10.8860759493671,11.746835443038,0.29602790093618,0.00804043023625291,"GM"
"CN","lh_parahippocampal",9.33503409867774,9.38922515131809,0.282519510132917,0.00804043023625291,"GM"
"MCI","lh_parahippocampal",13.0057086125589,9.60536113179449,0.296191086059154,0.00804043023625291,"GM"
"SCZ","lh_parahippocampal",8.21727019498607,10.1671309192201,0.280422838096916,0.00804043023625291,"GM"
"AD","lh_parsopercularis",9.5715080690039,11.3522537562604,0.291175314942445,-0.00546778437710966,"GM"
"ADHD","lh_parsopercularis",8.34191555097837,10.8135942327497,0.278894478466772,-0.00546778437710966,"GM"
"ASD","lh_parsopercularis",10.5103587670541,9.19656392117231,0.286596190413493,-0.00546778437710966,"GM"
"CN","lh_parsopercularis",9.21781667526331,9.22530407147968,0.28140213071699,-0.00546778437710966,"GM"
"MCI","lh_parsopercularis",8.80019831432821,10.8081308874566,0.285527885750106,-0.00546778437710966,"GM"
"SCZ","lh_parsopercularis",8.55354659248957,9.31849791376912,0.282258917713064,-0.00546778437710966,"GM"
"AD","lh_parsorbitalis",11.4731272626009,13.0047340573656,0.302953752882052,-0.00981024114181521,"GM"
"ADHD","lh_parsorbitalis",11.8191161356629,10.3802672147996,0.299142454924547,-0.00981024114181521,"GM"
"ASD","lh_parsorbitalis",9.95452248610409,11.2177867609904,0.290536521674969,-0.00981024114181521,"GM"
"CN","lh_parsorbitalis",9.53946547031454,9.86824034691992,0.28563473774496,-0.00981024114181521,"GM"
"MCI","lh_parsorbitalis",9.89092711948438,12.543381259296,0.297515716193908,-0.00981024114181521,"GM"
"SCZ","lh_parsorbitalis",11.0570236439499,9.17941585535466,0.287867708811759,-0.00981024114181521,"GM"
"AD","lh_parstriangularis",11.7728917339271,12.5800166991372,0.30173123769635,-0.00296788880964592,"GM"
"ADHD","lh_parstriangularis",9.55806783144913,8.53031860226105,0.28616365722116,-0.00296788880964592,"GM"
"ASD","lh_parstriangularis",9.40819423368741,8.80121396054628,0.279141540223778,-0.00296788880964592,"GM"
"CN","lh_parstriangularis",9.36114645973168,9.74207982966123,0.284737693564572,-0.00296788880964592,"GM"
"MCI","lh_parstriangularis",12.989588497769,11.5270203272186,0.303589548040563,-0.00296788880964592,"GM"
"SCZ","lh_parstriangularis",8.55949895615866,10.7863604732081,0.286755449052474,-0.00296788880964592,"GM"
"AD","lh_pericalcarine",10.8168385837747,11.2628937831057,0.292458574011692,-0.00629055062388931,"GM"
"ADHD","lh_pericalcarine",9.29752066115702,9.91735537190083,0.279137545595337,-0.00629055062388931,"GM"
"ASD","lh_pericalcarine",11.0212335692619,11.2740141557128,0.295792820726573,-0.00629055062388931,"GM"
"CN","lh_pericalcarine",9.34221482098251,9.28892589508743,0.282604867657782,-0.00629055062388931,"GM"
"MCI","lh_pericalcarine",8.8833746898263,11.8858560794045,0.289618223016625,-0.00629055062388931,"GM"
"SCZ","lh_pericalcarine",8.6230876216968,9.04033379694019,0.282111633176087,-0.00629055062388931,"GM"
"AD","lh_postcentral",11.4667408850543,11.2440857222377,0.297115535649607,-0.00542424958855279,"GM"
"ADHD","lh_postcentral",9.15637860082304,11.4197530864198,0.287041833117675,-0.00542424958855279,"GM"
"ASD","lh_postcentral",12.2851365015167,9.95955510616785,0.294129389324544,-0.00542424958855279,"GM"
"CN","lh_postcentral",9.42237095122743,9.32331077425101,0.283052429404853,-0.00542424958855279,"GM"
"MCI","lh_postcentral",8.65575396825397,8.65575396825397,0.277192417517756,-0.00542424958855279,"GM"
"SCZ","lh_postcentral",11.3351877607789,10.0834492350487,0.292381060134365,-0.00542424958855279,"GM"
"AD","lh_posteriorcingulate",12.9185267857143,12.890625,0.307160685171396,-0.0030137987452902,"GM"
"ADHD","lh_posteriorcingulate",7.71604938271605,8.53909465020576,0.276525535258861,-0.0030137987452902,"GM"
"ASD","lh_posteriorcingulate",9.85844287158746,8.9989888776542,0.281373674348315,-0.0030137987452902,"GM"
"CN","lh_posteriorcingulate",9.64084120085918,9.48682085352249,0.284565268157362,-0.0030137987452902,"GM"
"MCI","lh_posteriorcingulate",11.5880893300248,11.6625310173697,0.298272278519897,-0.0030137987452902,"GM"
"SCZ","lh_posteriorcingulate",9.40111420612813,10.3760445682451,0.285609617834359,-0.0030137987452902,"GM"
"AD","lh_precentral",11.4699331848552,12.1937639198218,0.299537073730345,-0.0171647925143344,"GM"
"ADHD","lh_precentral",8.73586844809866,9.2497430626927,0.285069337910609,-0.0171647925143344,"GM"
"ASD","lh_precentral",12.7401415571284,11.2234580384226,0.30332576628011,-0.0171647925143344,"GM"
"CN","lh_precentral",9.1831710024454,8.94030062511997,0.28066621818444,-0.0171647925143344,"GM"
"MCI","lh_precentral",7.5378130424002,9.54624349119762,0.275671351040851,-0.0171647925143344,"GM"
"SCZ","lh_precentral",11.2813370473538,8.63509749303621,0.284419112204448,-0.0171647925143344,"GM"
"AD","lh_precuneus",16.8382966880045,14.6674088505427,0.325696561568534,0.00378102250621284,"GM"
"ADHD","lh_precuneus",8.95983522142122,8.54788877445932,0.279062183996701,0.00378102250621284,"GM"
"ASD","lh_precuneus",9.34815563415867,8.64072764022233,0.282532075581806,0.00378102250621284,"GM"
"CN","lh_precuneus",9.3489023353503,9.08636295444317,0.28186507723484,0.00378102250621284,"GM"
"MCI","lh_precuneus",13.2473331679484,12.8504093277102,0.306340194981658,0.00378102250621284,"GM"
"SCZ","lh_precuneus",12.9346314325452,7.44089012517385,0.290652246182652,0.00378102250621284,"GM"
"AD","lh_rostralanteriorcingulate",11.0801781737194,10.662583518931,0.293302533579828,-0.0060967345987684,"GM"
"ADHD","lh_rostralanteriorcingulate",10.0719424460432,9.2497430626927,0.283123055366631,-0.0060967345987684,"GM"
"ASD","lh_rostralanteriorcingulate",10.7630116220313,10.4598281960586,0.292280892171087,-0.0060967345987684,"GM"
"CN","lh_rostralanteriorcingulate",9.37419413873708,9.35256586226115,0.283724299702243,-0.0060967345987684,"GM"
"MCI","lh_rostralanteriorcingulate",9.42460317460317,10.9871031746032,0.290947285555784,-0.0060967345987684,"GM"
"SCZ","lh_rostralanteriorcingulate",9.73574408901252,6.32823365785814,0.279685498856992,-0.0060967345987684,"GM"
"AD","lh_rostralmiddlefrontal",12.1414647730437,11.4731272626009,0.299824548538256,-0.000892658623325976,"GM"
"ADHD","lh_rostralmiddlefrontal",9.55806783144913,10.0719424460432,0.291127034714648,-0.000892658623325976,"GM"
"ASD","lh_rostralmiddlefrontal",11.4704396159677,11.622031328954,0.29740230031436,-0.000892658623325976,"GM"
"CN","lh_rostralmiddlefrontal",9.19292224129026,9.70692614005565,0.283628202457422,-0.000892658623325976,"GM"
"MCI","lh_rostralmiddlefrontal",11.7559523809524,10.8382936507937,0.297612333057876,-0.000892658623325976,"GM"
"SCZ","lh_rostralmiddlefrontal",8.97079276773296,10.5702364394993,0.288340897280514,-0.000892658623325976,"GM"
"AD","lh_superiorfrontal",11.7204899777283,12.7227171492205,0.304237379426509,0.00557415547199533,"GM"
"ADHD","lh_superiorfrontal",9.66084275436793,11.6135662898253,0.292029137391302,0.00557415547199533,"GM"
"ASD","lh_superiorfrontal",10.9706774519717,11.0212335692619,0.29519453832462,0.00557415547199533,"GM"
"CN","lh_superiorfrontal",9.02736751013072,9.66807844964594,0.283380493101719,0.00557415547199533,"GM"
"MCI","lh_superiorfrontal",11.276332094176,13.4076827757125,0.30458587851186,0.00557415547199533,"GM"
"SCZ","lh_superiorfrontal",8.4144645340751,9.59666203059805,0.28280352849906,0.00557415547199533,"GM"
"AD","lh_superiorparietal",13.0253270247704,11.3832451989981,0.302544454283143,-0.00872762632846662,"GM"
"ADHD","lh_superiorparietal",10.7913669064748,10.688591983556,0.292048273797913,-0.00872762632846662,"GM"
"ASD","lh_superiorparietal",11.324570273003,10.262891809909,0.296654795482814,-0.00872762632846662,"GM"
"CN","lh_superiorparietal",9.17596738621934,8.47674263182517,0.279030532246757,-0.00872762632846662,"GM"
"MCI","lh_superiorparietal",10.1636093207734,11.2295488349033,0.294041657509381,-0.00872762632846662,"GM"
"SCZ","lh_superiorparietal",9.45757997218359,7.57997218358832,0.27692305442908,-0.00872762632846662,"GM"
"AD","lh_superiortemporal",16.8104647926524,12.3295296409686,0.316482082652492,-0.00018360851991935,"GM"
"ADHD","lh_superiortemporal",9.86639260020555,10.4830421377184,0.2864216332689,-0.00018360851991935,"GM"
"ASD","lh_superiortemporal",9.70186963112683,8.84284992420414,0.28579198346708,-0.00018360851991935,"GM"
"CN","lh_superiortemporal",9.39283990479836,9.5775843416607,0.283865174555055,-0.00018360851991935,"GM"
"MCI","lh_superiortemporal",14.7780808331267,12.546491445574,0.312590490774688,-0.00018360851991935,"GM"
"SCZ","lh_superiortemporal",9.73574408901252,9.52712100139082,0.284455127186931,-0.00018360851991935,"GM"
"AD","lh_supramarginal",12.287545277236,11.0058512120368,0.298552834864127,-0.000552954868154757,"GM"
"ADHD","lh_supramarginal",12.2302158273381,9.35251798561151,0.290427706110626,-0.000552954868154757,"GM"
"ASD","lh_supramarginal",10.8135421930268,11.0156644770086,0.293889969149375,-0.000552954868154757,"GM"
"CN","lh_supramarginal",9.48790919832909,9.09264899229451,0.282724047368442,-0.000552954868154757,"GM"
"MCI","lh_supramarginal",12.094175960347,8.12887236679058,0.289237264985286,-0.000552954868154757,"GM"
"SCZ","lh_supramarginal",8.69262865090403,9.17941585535466,0.278945763502865,-0.000552954868154757,"GM"
"AD","lh_temporalpole",13.5338345864662,14.8148148148148,0.316326336472866,0.00563617006134406,"GM"
"ADHD","lh_temporalpole",10.8941418293936,9.55806783144913,0.286990647465983,0.00563617006134406,"GM"
"ASD","lh_temporalpole",9.80293077311774,9.60080848913593,0.284787696826965,0.00563617006134406,"GM"
"CN","lh_temporalpole",9.18909009091591,9.31658902842476,0.282139797225058,0.00563617006134406,"GM"
"MCI","lh_temporalpole",11.1690245718541,12.9808885579548,0.303208399690787,0.00563617006134406,"GM"
"SCZ","lh_temporalpole",8.6230876216968,7.85813630041725,0.275007545969481,0.00563617006134406,"GM"
"AD","lh_transversetemporal",10.2592695846111,11.4859213827711,0.292583961260569,0.0012828603939559,"GM"
"ADHD","lh_transversetemporal",8.33333333333333,8.02469135802469,0.276328134407968,0.0012828603939559,"GM"
"ASD","lh_transversetemporal",10.1061141990904,11.2683173319859,0.29478610601132,0.0012828603939559,"GM"
"CN","lh_transversetemporal",9.51242869634009,9.54324020485489,0.284377044095331,0.0012828603939559,"GM"
"MCI","lh_transversetemporal",8.80238036201339,8.70319861145549,0.282675438009901,0.0012828603939559,"GM"
"SCZ","lh_transversetemporal",9.39457202505219,11.7606123869172,0.286203705459645,0.0012828603939559,"GM"
"AD","lh_bankssts",11.4804469273743,10.9497206703911,0.296049779590099,0.00886100242460643,"SA"
"ADHD","lh_bankssts",9.55806783144913,9.35251798561151,0.285905180280156,0.00886100242460643,"SA"
"ASD","lh_bankssts",11.0692416391898,7.67781441356571,0.283338780209948,0.00886100242460643,"SA"
"CN","lh_bankssts",9.48244291712444,9.41516134801605,0.282855498567762,0.00886100242460643,"SA"
"MCI","lh_bankssts",11.9651741293532,10.4975124378109,0.297838599923583,0.00886100242460643,"SA"
"SCZ","lh_bankssts",7.81637717121588,10.0496277915633,0.278431998112714,0.00886100242460643,"SA"
"AD","lh_caudalanteriorcingulate",10.4352678571429,9.90513392857143,0.289911461458589,0.00995321916948302,"SA"
"ADHD","lh_caudalanteriorcingulate",9.15637860082304,8.74485596707819,0.285435429704718,0.00995321916948302,"SA"
"ASD","lh_caudalanteriorcingulate",8.30580462482303,8.11703633789523,0.276198348381877,0.00995321916948302,"SA"
"CN","lh_caudalanteriorcingulate",9.69908491168334,10.2634603107044,0.288814621370031,0.00995321916948302,"SA"
"MCI","lh_caudalanteriorcingulate",9.53326713008937,7.91956305858987,0.280193457389721,0.00995321916948302,"SA"
"SCZ","lh_caudalanteriorcingulate",8.17843866171004,10.2850061957869,0.284238488549273,0.00995321916948302,"SA"
"AD","lh_caudalmiddlefrontal",9.41766508776818,9.5848425745333,0.284070062867364,0.00703006171387222,"SA"
"ADHD","lh_caudalmiddlefrontal",7.52577319587629,10.3092783505155,0.280794098477529,0.00703006171387222,"SA"
"ASD","lh_caudalmiddlefrontal",9.64705882352941,10.9647058823529,0.289085947038597,0.00703006171387222,"SA"
"CN","lh_caudalmiddlefrontal",9.21359405047566,9.54885042800497,0.283160236743286,0.00703006171387222,"SA"
"MCI","lh_caudalmiddlefrontal",9.22619047619048,9.15178571428571,0.281033599236642,0.00703006171387222,"SA"
"SCZ","lh_caudalmiddlefrontal",9.40594059405941,7.7970297029703,0.275026807393133,0.00703006171387222,"SA"
"AD","lh_cuneus",9.07567718514381,11.2538397095783,0.28923845442341,0.000840960863904606,"SA"
"ADHD","lh_cuneus",10.5263157894737,10.9391124871001,0.292286884909311,0.000840960863904606,"SA"
"ASD","lh_cuneus",13.5657089024965,10.5982100800754,0.302021782504593,0.000840960863904606,"SA"
"CN","lh_cuneus",9.22600937599095,9.56111106349791,0.283277005624186,0.000840960863904606,"SA"
"MCI","lh_cuneus",7.73247140726007,10.2685231228245,0.281226024157683,0.000840960863904606,"SA"
"SCZ","lh_cuneus",11.1524163568773,9.78934324659232,0.28798094144522,0.000840960863904606,"SA"
"AD","lh_entorhinal",13.5930493273543,10.5661434977578,0.300585839223233,0.00794525071743232,"SA"
"ADHD","lh_entorhinal",11.9047619047619,8.2815734989648,0.284633199804916,0.00794525071743232,"SA"
"ASD","lh_entorhinal",10.2843601895735,9.85781990521327,0.287032539769753,0.00794525071743232,"SA"
"CN","lh_entorhinal",9.38943880296185,9.24766630511833,0.282579621927917,0.00794525071743232,"SA"
"MCI","lh_entorhinal",11.7749564351506,11.3517550410754,0.299667714291105,0.00794525071743232,"SA"
"SCZ","lh_entorhinal",9.70149253731343,9.82587064676617,0.285755177697036,0.00794525071743232,"SA"
"AD","lh_frontalpole",11.340782122905,11.4245810055866,0.298704537406141,-0.00386635261975041,"SA"
"ADHD","lh_frontalpole",9.17525773195876,9.58762886597938,0.285041223103813,-0.00386635261975041,"SA"
"ASD","lh_frontalpole",10.8171941426547,10.533774208786,0.293388260923592,-0.00386635261975041,"SA"
"CN","lh_frontalpole",9.62351296996966,9.78542454920408,0.286815719048367,-0.00386635261975041,"SA"
"MCI","lh_frontalpole",8.55295872700149,10.3928393833913,0.284709956213563,-0.00386635261975041,"SA"
"SCZ","lh_frontalpole",9.81366459627329,10.1863354037267,0.28811614076301,-0.00386635261975041,"SA"
"AD","lh_fusiform",11.6596931659693,13.8912133891213,0.306128804710219,-0.00420794104550538,"SA"
"ADHD","lh_fusiform",12.2427983539095,7.20164609053498,0.285670939777694,-0.00420794104550538,"SA"
"ASD","lh_fusiform",11.1163447951013,9.609043805935,0.290927532204352,-0.00420794104550538,"SA"
"CN","lh_fusiform",9.5288751212704,9.63440164757544,0.285114873429404,-0.00420794104550538,"SA"
"MCI","lh_fusiform",12.568306010929,12.0218579234973,0.302488987306362,-0.00420794104550538,"SA"
"SCZ","lh_fusiform",9.66542750929368,10.0371747211896,0.28868476303337,-0.00420794104550538,"SA"
"AD","lh_HEMI",19.0409422321929,19.4335389792485,0.346185115112115,-0.0316640040543709,"SA"
"ADHD","lh_HEMI",12.2302158273381,9.55806783144913,0.295158731885594,-0.0316640040543709,"SA"
"ASD","lh_HEMI",13.135593220339,9.51035781544256,0.293473622475834,-0.0316640040543709,"SA"
"CN","lh_HEMI",9.12118488078421,9.71448140062497,0.283894448565488,-0.0316640040543709,"SA"
"MCI","lh_HEMI",13.8888888888889,16.3938492063492,0.321436308170223,-0.0316640040543709,"SA"
"SCZ","lh_HEMI",9.29368029739777,11.4002478314746,0.290006889039849,-0.0316640040543709,"SA"
"AD","lh_inferiorparietal",11.0770943501252,10.5482883384358,0.293196579860808,0.00102355912906271,"SA"
"ADHD","lh_inferiorparietal",8.74485596707819,11.0082304526749,0.289426211051277,0.00102355912906271,"SA"
"ASD","lh_inferiorparietal",9.36030103480715,10.7243650047037,0.292288336885156,0.00102355912906271,"SA"
"CN","lh_inferiorparietal",9.81143619507304,9.63468418324425,0.285954299997475,0.00102355912906271,"SA"
"MCI","lh_inferiorparietal",10.0371747211896,7.93060718711276,0.278499706043618,0.00102355912906271,"SA"
"SCZ","lh_inferiorparietal",7.80669144981413,9.78934324659232,0.282897901516313,0.00102355912906271,"SA"
"AD","lh_inferiortemporal",13.3147632311978,13.2311977715877,0.309957298947001,0.00122724603442817,"SA"
"ADHD","lh_inferiortemporal",11.8312757201646,10.1851851851852,0.293601656051932,0.00122724603442817,"SA"
"ASD","lh_inferiortemporal",10.1599247412982,10.3480714957667,0.287502412631693,0.00122724603442817,"SA"
"CN","lh_inferiortemporal",9.54844418729313,9.63353101840428,0.284679369064036,0.00122724603442817,"SA"
"MCI","lh_inferiortemporal",11.6261774913237,11.824491819534,0.299090274976828,0.00122724603442817,"SA"
"SCZ","lh_inferiortemporal",8.30235439900867,9.29368029739777,0.284237609166842,0.00122724603442817,"SA"
"AD","lh_insula",12.0612813370474,12.0612813370474,0.302744249437823,-0.0207082106989522,"SA"
"ADHD","lh_insula",10.5046343975283,10.7106076210093,0.29093287926203,-0.0207082106989522,"SA"
"ASD","lh_insula",9.6,10.0235294117647,0.286619827137796,-0.0207082106989522,"SA"
"CN","lh_insula",10.5070921381988,9.92729068401246,0.288327460192881,-0.0207082106989522,"SA"
"MCI","lh_insula",12.9032258064516,10.3722084367246,0.297884363664224,-0.0207082106989522,"SA"
"SCZ","lh_insula",9.9009900990099,10.8910891089109,0.290737512968451,-0.0207082106989522,"SA"
"AD","lh_isthmuscingulate",10.2263202011735,11.8468846046382,0.293140685675702,-0.00112720121297302,"SA"
"ADHD","lh_isthmuscingulate",7.41503604531411,10.6076210092688,0.282076063994581,-0.00112720121297302,"SA"
"ASD","lh_isthmuscingulate",8.98823529411765,9.74117647058823,0.282059754569843,-0.00112720121297302,"SA"
"CN","lh_isthmuscingulate",9.53705204432426,9.25981215931483,0.283093486736188,-0.00112720121297302,"SA"
"MCI","lh_isthmuscingulate",9.88819875776398,10.3850931677019,0.287581795039579,-0.00112720121297302,"SA"
"SCZ","lh_isthmuscingulate",10.4607721046077,8.84184308841843,0.281933864807883,-0.00112720121297302,"SA"
"AD","lh_lateraloccipital",10.0585121203678,10.3092783505155,0.290828113670535,0.00152598972974868,"SA"
"ADHD","lh_lateraloccipital",10.1851851851852,11.522633744856,0.289269787710622,0.00152598972974868,"SA"
"ASD","lh_lateraloccipital",10.8184383819379,9.50141110065851,0.287713503790863,0.00152598972974868,"SA"
"CN","lh_lateraloccipital",9.7557449269446,9.60180980081985,0.286145830939119,0.00152598972974868,"SA"
"MCI","lh_lateraloccipital",9.62301587301587,11.8799603174603,0.291864498069391,0.00152598972974868,"SA"
"SCZ","lh_lateraloccipital",10.1610904584882,10.6567534076828,0.290213207141847,0.00152598972974868,"SA"
"AD","lh_lateralorbitofrontal",14.2300194931774,11.5009746588694,0.306943140388243,-0.00881865970342541,"SA"
"ADHD","lh_lateralorbitofrontal",11.9218910585817,9.96916752312436,0.29118077231496,-0.00881865970342541,"SA"
"ASD","lh_lateralorbitofrontal",10.7344632768362,10.6403013182674,0.291965922909632,-0.00881865970342541,"SA"
"CN","lh_lateralorbitofrontal",9.91272510536847,9.97828770914045,0.288633842767568,-0.00881865970342541,"SA"
"MCI","lh_lateralorbitofrontal",9.60059538576036,11.8829074671297,0.292977576359127,-0.00881865970342541,"SA"
"SCZ","lh_lateralorbitofrontal",12.3915737298637,8.92193308550186,0.293780020572801,-0.00881865970342541,"SA"
"AD","lh_lingual",11.2876254180602,12.5139353400223,0.299370932572393,-0.000268282767175286,"SA"
"ADHD","lh_lingual",9.05349794238683,9.15637860082304,0.282179607196597,-0.000268282767175286,"SA"
"ASD","lh_lingual",11.346516007533,7.67419962335217,0.283237244677454,-0.000268282767175286,"SA"
"CN","lh_lingual",9.22362761381543,9.41186491205656,0.282487501111448,-0.000268282767175286,"SA"
"MCI","lh_lingual",10.9375,11.1111111111111,0.293951947740031,-0.000268282767175286,"SA"
"SCZ","lh_lingual",7.44416873449131,10.9181141439206,0.284591113565382,-0.000268282767175286,"SA"
"AD","lh_medialorbitofrontal",10,10.1117318435754,0.289795093847275,0.00530317104937884,"SA"
"ADHD","lh_medialorbitofrontal",10.688591983556,8.01644398766701,0.28925124588602,0.00530317104937884,"SA"
"ASD","lh_medialorbitofrontal",10.5882352941176,10.1647058823529,0.290043849347284,0.00530317104937884,"SA"
"CN","lh_medialorbitofrontal",9.86833706392504,9.83259147042052,0.287437247869014,0.00530317104937884,"SA"
"MCI","lh_medialorbitofrontal",9.5604668487708,9.65979637447231,0.285829133049525,0.00530317104937884,"SA"
"SCZ","lh_medialorbitofrontal",9.15841584158416,9.9009900990099,0.284490582731317,0.00530317104937884,"SA"
"AD","lh_middletemporal",18.0072362927915,10.4926245477317,0.314227250657357,0.00857779721716485,"SA"
"ADHD","lh_middletemporal",11.3168724279835,9.25925925925926,0.284343640692456,0.00857779721716485,"SA"
"ASD","lh_middletemporal",11.875589066918,7.77568331762488,0.288759758992441,0.00857779721716485,"SA"
"CN","lh_middletemporal",9.49388081407711,9.64356486166983,0.285381189211673,0.00857779721716485,"SA"
"MCI","lh_middletemporal",12.7232142857143,12.1031746031746,0.30412588134901,0.00857779721716485,"SA"
"SCZ","lh_middletemporal",9.42928039702233,11.5384615384615,0.287483465323616,0.00857779721716485,"SA"
"AD","lh_paracentral",9.2809364548495,10.4515050167224,0.286494783042795,-0.0028854947562804,"SA"
"ADHD","lh_paracentral",9.77366255144033,10.2880658436214,0.290881323833251,-0.0028854947562804,"SA"
"ASD","lh_paracentral",8.40018876828693,9.86314299197735,0.284206531380097,-0.0028854947562804,"SA"
"CN","lh_paracentral",9.2938132043992,9.4504409411284,0.282504263512921,-0.0028854947562804,"SA"
"MCI","lh_paracentral",10.1985111662531,10.3970223325062,0.290551309938834,-0.0028854947562804,"SA"
"SCZ","lh_paracentral",10.1736972704715,10.0496277915633,0.28524090212159,-0.0028854947562804,"SA"
"AD","lh_parahippocampal",9.53050323306157,10.1771155468091,0.289284022788875,0.00414693010835541,"SA"
"ADHD","lh_parahippocampal",11.5025906735751,8.29015544041451,0.283539684777777,0.00414693010835541,"SA"
"ASD","lh_parahippocampal",10.5787476280835,10.8633776091082,0.289527298070979,0.00414693010835541,"SA"
"CN","lh_parahippocampal",9.3984962406015,9.4421703461387,0.283512009507141,0.00414693010835541,"SA"
"MCI","lh_parahippocampal",8.74875373878365,9.27218344965105,0.282216888149663,0.00414693010835541,"SA"
"SCZ","lh_parahippocampal",9.20398009950249,8.83084577114428,0.28577719441542,0.00414693010835541,"SA"
"AD","lh_parsopercularis",9.72415714683756,8.88826971301198,0.281291947214101,0.00166594190529882,"SA"
"ADHD","lh_parsopercularis",9.55806783144913,9.86639260020555,0.278555498056156,0.00166594190529882,"SA"
"ASD","lh_parsopercularis",8.98823529411765,8.8,0.280153585428954,0.00166594190529882,"SA"
"CN","lh_parsopercularis",9.21107472462042,9.18640751924467,0.281083411314551,0.00166594190529882,"SA"
"MCI","lh_parsopercularis",9.58529923019618,9.48596970449466,0.285732865415804,0.00166594190529882,"SA"
"SCZ","lh_parsopercularis",9.28217821782178,7.7970297029703,0.279923219928972,0.00166594190529882,"SA"
"AD","lh_parsorbitalis",10.3563474387528,11.1080178173719,0.293882057446506,-0.00217487741301704,"SA"
"ADHD","lh_parsorbitalis",11.2139917695473,9.97942386831276,0.291041227413348,-0.00217487741301704,"SA"
"ASD","lh_parsorbitalis",8.14884597268017,10.7866227037212,0.283429627389999,-0.00217487741301704,"SA"
"CN","lh_parsorbitalis",9.43055957262194,9.7180870068224,0.285794030780144,-0.00217487741301704,"SA"
"MCI","lh_parsorbitalis",8.18858560794045,10,0.282219860580618,-0.00217487741301704,"SA"
"SCZ","lh_parsorbitalis",11.6480793060719,10.2850061957869,0.295863152080324,-0.00217487741301704,"SA"
"AD","lh_parstriangularis",9.56230833565654,11.5137998327293,0.290532559676781,-0.0041520501503085,"SA"
"ADHD","lh_parstriangularis",8.98760330578513,9.91735537190083,0.282939184416896,-0.0041520501503085,"SA"
"ASD","lh_parstriangularis",8.77358490566038,9.29245283018868,0.279024588749088,-0.0041520501503085,"SA"
"CN","lh_parstriangularis",9.20125893160939,9.71163661109221,0.284079398074042,-0.0041520501503085,"SA"
"MCI","lh_parstriangularis",10.5707196029777,11.7617866004963,0.29662936414719,-0.0041520501503085,"SA"
"SCZ","lh_parstriangularis",8.31265508684863,9.55334987593052,0.281203284028445,-0.0041520501503085,"SA"
"AD","lh_pericalcarine",9.10360234571349,9.80173135995532,0.285131269825249,-0.0164897990786908,"SA"
"ADHD","lh_pericalcarine",9.68074150360453,9.57775489186406,0.279043404847617,-0.0164897990786908,"SA"
"ASD","lh_pericalcarine",11.6981132075472,10.3301886792453,0.293321374354294,-0.0164897990786908,"SA"
"CN","lh_pericalcarine",9.29231817988156,9.14916279664267,0.281115423475803,-0.0164897990786908,"SA"
"MCI","lh_pericalcarine",9.13378009431621,9.48126085877389,0.281125353169893,-0.0164897990786908,"SA"
"SCZ","lh_pericalcarine",7.80669144981413,8.0545229244114,0.271155509525004,-0.0164897990786908,"SA"
"AD","lh_postcentral",9.66843131791585,9.33407634438562,0.285263464866913,0.00497310592106326,"SA"
"ADHD","lh_postcentral",9.04419321685509,10.2774922918808,0.28492270521792,0.00497310592106326,"SA"
"ASD","lh_postcentral",10.2539981185325,10.3480714957667,0.288086189237907,0.00497310592106326,"SA"
"CN","lh_postcentral",9.092460202358,8.76145301916088,0.278664953681848,0.00497310592106326,"SA"
"MCI","lh_postcentral",10.377358490566,7.64647467725919,0.276301318912215,0.00497310592106326,"SA"
"SCZ","lh_postcentral",10.0496277915633,8.6848635235732,0.280154683711309,0.00497310592106326,"SA"
"AD","lh_posteriorcingulate",10.4836455129997,12.6922001677383,0.297659036895913,-0.0124708879490722,"SA"
"ADHD","lh_posteriorcingulate",8.13594232749742,9.98970133882595,0.279404621741027,-0.0124708879490722,"SA"
"ASD","lh_posteriorcingulate",9.4811320754717,8.77358490566038,0.277846991668155,-0.0124708879490722,"SA"
"CN","lh_posteriorcingulate",9.33252665036258,9.43137371860966,0.283584909829395,-0.0124708879490722,"SA"
"MCI","lh_posteriorcingulate",10.5563835072032,10.3576751117735,0.290561841625077,-0.0124708879490722,"SA"
"SCZ","lh_posteriorcingulate",8.0545229244114,10.0371747211896,0.281437731547643,-0.0124708879490722,"SA"
"AD","lh_precentral",10.3313840155945,9.49596212754108,0.287174643169716,-0.00847769014263673,"SA"
"ADHD","lh_precentral",9.5679012345679,8.95061728395062,0.284235013462626,-0.00847769014263673,"SA"
"ASD","lh_precentral",10.1176470588235,11.2,0.292505855741329,-0.00847769014263673,"SA"
"CN","lh_precentral",8.96951931352415,9.11182500660401,0.280712889781416,-0.00847769014263673,"SA"
"MCI","lh_precentral",8.41191066997519,9.20595533498759,0.281275418335855,-0.00847769014263673,"SA"
"SCZ","lh_precentral",11.9106699751861,8.06451612903226,0.288907331840661,-0.00847769014263673,"SA"
"AD","lh_precuneus",11.3864142538976,11.7204899777283,0.299723297800102,-0.00740556500887724,"SA"
"ADHD","lh_precuneus",10.59670781893,8.74485596707819,0.28287026701722,-0.00740556500887724,"SA"
"ASD","lh_precuneus",9.83992467043315,9.03954802259887,0.285582666830922,-0.00740556500887724,"SA"
"CN","lh_precuneus",9.20892252878854,9.06828274562951,0.281787126134952,-0.00740556500887724,"SA"
"MCI","lh_precuneus",10.818858560794,12.258064516129,0.29725850009042,-0.00740556500887724,"SA"
"SCZ","lh_precuneus",7.92079207920792,9.28217821782178,0.280847854464377,-0.00740556500887724,"SA"
"AD","lh_rostralanteriorcingulate",10.1308099081547,10.5482883384358,0.291411288214545,0.00179274209585291,"SA"
"ADHD","lh_rostralanteriorcingulate",9.77366255144033,8.23045267489712,0.278398311826831,0.00179274209585291,"SA"
"ASD","lh_rostralanteriorcingulate",10.5411764705882,9.88235294117647,0.288552445327067,0.00179274209585291,"SA"
"CN","lh_rostralanteriorcingulate",9.64439380282648,9.80425502967637,0.286493070600138,0.00179274209585291,"SA"
"MCI","lh_rostralanteriorcingulate",10.4440585462664,11.4611758868767,0.295702088389904,0.00179274209585291,"SA"
"SCZ","lh_rostralanteriorcingulate",10.2722772277228,8.29207920792079,0.285131034168533,0.00179274209585291,"SA"
"AD","lh_rostralmiddlefrontal",11.1636971046771,11.1915367483296,0.296646641350441,0.00790539792257315,"SA"
"ADHD","lh_rostralmiddlefrontal",10.174717368962,10.3802672147996,0.294294553083596,0.00790539792257315,"SA"
"ASD","lh_rostralmiddlefrontal",12.2939236928874,10.1742816768724,0.295085129209656,0.00790539792257315,"SA"
"CN","lh_rostralmiddlefrontal",9.1257472791375,9.52599935278388,0.283002108954251,0.00790539792257315,"SA"
"MCI","lh_rostralmiddlefrontal",11.1799702528508,11.4774417451661,0.299127875088219,0.00790539792257315,"SA"
"SCZ","lh_rostralmiddlefrontal",8.17843866171004,8.42627013630731,0.280396096426508,0.00790539792257315,"SA"
"AD","lh_superiorfrontal",10.4120267260579,11.5534521158129,0.294733283613289,0.00127591134727867,"SA"
"ADHD","lh_superiorfrontal",8.74485596707819,10.082304526749,0.286397734906482,0.00127591134727867,"SA"
"ASD","lh_superiorfrontal",10.4990583804143,10.6403013182674,0.292324563593661,0.00127591134727867,"SA"
"CN","lh_superiorfrontal",8.74841498804327,9.59176900099568,0.282289411802955,0.00127591134727867,"SA"
"MCI","lh_superiorfrontal",9.88847583643123,11.3011152416357,0.294898840919284,0.00127591134727867,"SA"
"SCZ","lh_superiorfrontal",7.7970297029703,8.53960396039604,0.281092090333508,0.00127591134727867,"SA"
"AD","lh_superiorparietal",10.5233853006682,8.96436525612472,0.289365531186119,-0.0133727484665489,"SA"
"ADHD","lh_superiorparietal",10.7913669064748,9.35251798561151,0.286914835246926,-0.0133727484665489,"SA"
"ASD","lh_superiorparietal",11.7176470588235,9.88235294117647,0.291917990719191,-0.0133727484665489,"SA"
"CN","lh_superiorparietal",8.98365134246809,8.33738848337389,0.278190683860795,-0.0133727484665489,"SA"
"MCI","lh_superiorparietal",9.32539682539683,10.4910714285714,0.288573213699177,-0.0133727484665489,"SA"
"SCZ","lh_superiorparietal",7.80669144981413,6.69144981412639,0.267674856331854,-0.0133727484665489,"SA"
"AD","lh_superiortemporal",13.5338345864662,10.4427736006683,0.299200410446818,-0.00321542223813357,"SA"
"ADHD","lh_superiortemporal",10.2774922918808,9.45529290853032,0.290795812894724,-0.00321542223813357,"SA"
"ASD","lh_superiortemporal",11.5348399246704,10.2165725047081,0.292986620380654,-0.00321542223813357,"SA"
"CN","lh_superiortemporal",9.25738403805407,9.56627551758469,0.283142878708185,-0.00321542223813357,"SA"
"MCI","lh_superiortemporal",8.19061801935964,14.0977910151402,0.295725843293184,-0.00321542223813357,"SA"
"SCZ","lh_superiortemporal",12.1437422552664,7.68277571251549,0.284103536066659,-0.00321542223813357,"SA"
"AD","lh_supramarginal",9.59933222036728,9.01502504173623,0.281802007731473,-0.00340490600260973,"SA"
"ADHD","lh_supramarginal",12.7440904419322,8.83864337101747,0.292284920075225,-0.00340490600260973,"SA"
"ASD","lh_supramarginal",10.5040037682525,11.6815826660386,0.297700264431598,-0.00340490600260973,"SA"
"CN","lh_supramarginal",9.42882660655807,8.99417343597159,0.282357769976281,-0.00340490600260973,"SA"
"MCI","lh_supramarginal",9.52144805355815,7.86015373171336,0.281216537963346,-0.00340490600260973,"SA"
"SCZ","lh_supramarginal",8.04455445544554,9.65346534653465,0.276990350780605,-0.00340490600260973,"SA"
"AD","lh_temporalpole",13.4340890008396,11.3909879652953,0.303152077970261,0.00177577105990241,"SA"
"ADHD","lh_temporalpole",9.92761116856256,10.2378490175801,0.289149427484404,0.00177577105990241,"SA"
"ASD","lh_temporalpole",9.23732828043581,8.9057318806253,0.280168697761564,0.00177577105990241,"SA"
"CN","lh_temporalpole",9.60681127797031,9.57600650323022,0.285443049971324,0.00177577105990241,"SA"
"MCI","lh_temporalpole",10.5486284289277,9.97506234413965,0.290416766105062,0.00177577105990241,"SA"
"SCZ","lh_temporalpole",9.20398009950249,8.33333333333333,0.279688710192427,0.00177577105990241,"SA"
"AD","lh_transversetemporal",11.2813370473538,8.80222841225627,0.288549912861524,0.011857328269458,"SA"
"ADHD","lh_transversetemporal",7.40740740740741,7.92181069958848,0.271111771664525,0.011857328269458,"SA"
"ASD","lh_transversetemporal",9.03529411764706,9.69411764705882,0.28535895684655,0.011857328269458,"SA"
"CN","lh_transversetemporal",9.43701145710179,9.57735457476035,0.283422226627804,0.011857328269458,"SA"
"MCI","lh_transversetemporal",9.12245909766981,8.67625185919683,0.282773631912209,0.011857328269458,"SA"
"SCZ","lh_transversetemporal",9.67741935483871,8.06451612903226,0.28395024100179,0.011857328269458,"SA"
"AD","lh_bankssts",13.9988845510318,14.5566090351366,0.315135825395796,0.00516920071717985,"CT"
"ADHD","lh_bankssts",11.7525773195876,10,0.291883593581338,0.00516920071717985,"CT"
"ASD","lh_bankssts",9.76635514018692,11.8224299065421,0.292004281152514,0.00516920071717985,"CT"
"CN","lh_bankssts",9.40999598520505,9.28015580821239,0.282796852089894,0.00516920071717985,"CT"
"MCI","lh_bankssts",12.7733598409543,12.3260437375746,0.303778808993066,0.00516920071717985,"CT"
"SCZ","lh_bankssts",12.5,10.1485148514851,0.294909489879151,0.00516920071717985,"CT"
"AD","lh_caudalanteriorcingulate",12.531328320802,13.1718184349763,0.306229079881398,-0.012270765314639,"CT"
"ADHD","lh_caudalanteriorcingulate",10.4016477857878,11.8434603501545,0.294612841213357,-0.012270765314639,"CT"
"ASD","lh_caudalanteriorcingulate",9.14605692953803,11.3392440503966,0.287955307465512,-0.012270765314639,"CT"
"CN","lh_caudalanteriorcingulate",9.47315655771829,9.6566724156974,0.283757235824951,-0.012270765314639,"CT"
"MCI","lh_caudalanteriorcingulate",10.5929049863557,11.8332919871,0.297276586624483,-0.012270765314639,"CT"
"SCZ","lh_caudalanteriorcingulate",12.0347394540943,10.2977667493797,0.297019207447435,-0.012270765314639,"CT"
"AD","lh_caudalmiddlefrontal",13.7709497206704,14.2737430167598,0.311811162710913,-0.0175080555635928,"CT"
"ADHD","lh_caudalmiddlefrontal",8.95983522142122,8.85684860968074,0.284483452586158,-0.0175080555635928,"CT"
"ASD","lh_caudalmiddlefrontal",9.1588785046729,11.588785046729,0.287321667092674,-0.0175080555635928,"CT"
"CN","lh_caudalmiddlefrontal",9.34108064818444,9.44246596350129,0.283167040336854,-0.0175080555635928,"CT"
"MCI","lh_caudalmiddlefrontal",10.4151130996769,10.0919711657967,0.289151357087453,-0.0175080555635928,"CT"
"SCZ","lh_caudalmiddlefrontal",12.1588089330025,10.4218362282878,0.299448271552809,-0.0175080555635928,"CT"
"AD","lh_cuneus",12.4266964535046,11.2259145490087,0.300085907647826,0.000508531441858311,"CT"
"ADHD","lh_cuneus",10.0622406639004,10.2697095435685,0.285554236728696,0.000508531441858311,"CT"
"ASD","lh_cuneus",10.3593093793747,9.61269248716752,0.290036371794628,0.000508531441858311,"CT"
"CN","lh_cuneus",9.54788485392874,9.68561529577826,0.285813326715115,0.000508531441858311,"CT"
"MCI","lh_cuneus",8.20691370305894,9.50012434717732,0.283861354860635,0.000508531441858311,"CT"
"SCZ","lh_cuneus",10.1863354037267,10.0621118012422,0.287263600335926,0.000508531441858311,"CT"
"AD","lh_entorhinal",18.5495118549512,15.1464435146443,0.331557174102287,0.00153371434738054,"CT"
"ADHD","lh_entorhinal",9.36213991769547,7.92181069958848,0.27837811846931,0.00153371434738054,"CT"
"ASD","lh_entorhinal",10.1726551563229,9.75268315445637,0.282709062705221,0.00153371434738054,"CT"
"CN","lh_entorhinal",9.21996058175887,9.25394182411309,0.281739099891048,0.00153371434738054,"CT"
"MCI","lh_entorhinal",14.7284899578478,13.1415819489214,0.311952384693413,0.00153371434738054,"CT"
"SCZ","lh_entorhinal",11.6480793060719,10.4089219330855,0.293790449090906,0.00153371434738054,"CT"
"AD","lh_frontalpole",11.8171683389075,11.231884057971,0.296837290092139,0.00454895477480403,"CT"
"ADHD","lh_frontalpole",9.14696813977389,8.01644398766701,0.281272810525404,0.00454895477480403,"CT"
"ASD","lh_frontalpole",10.2611940298507,10.8675373134328,0.291852125101445,0.00454895477480403,"CT"
"CN","lh_frontalpole",9.59758636807887,9.36812136149237,0.283737670473697,0.00454895477480403,"CT"
"MCI","lh_frontalpole",8.07252856433184,10.3825136612022,0.282268235428437,0.00454895477480403,"CT"
"SCZ","lh_frontalpole",10.4089219330855,9.78934324659232,0.289471029284571,0.00454895477480403,"CT"
"AD","lh_fusiform",19.0807799442897,16.8245125348189,0.340832855077867,-0.000212296306892925,"CT"
"ADHD","lh_fusiform",12.7703398558187,9.88671472708548,0.295758927357867,-0.000212296306892925,"CT"
"ASD","lh_fusiform",11.6767865483419,9.29472209248015,0.291943480611858,-0.000212296306892925,"CT"
"CN","lh_fusiform",9.33799807621917,9.57378891187211,0.284070892792929,-0.000212296306892925,"CT"
"MCI","lh_fusiform",14.1579731743666,13.7853949329359,0.316370140841958,-0.000212296306892925,"CT"
"SCZ","lh_fusiform",9.68944099378882,9.93788819875776,0.291407469249491,-0.000212296306892925,"CT"
"AD","lh_HEMI",18.9848569826136,16.9938306225463,0.340537738058388,-0.00897742244310067,"CT"
"ADHD","lh_HEMI",10.9053497942387,9.67078189300411,0.289067169989506,-0.00897742244310067,"CT"
"ASD","lh_HEMI",10.5410447761194,10.0279850746269,0.287024664754984,-0.00897742244310067,"CT"
"CN","lh_HEMI",9.43900114209166,9.58670021382017,0.281996174389961,-0.00897742244310067,"CT"
"MCI","lh_HEMI",15.0049603174603,14.2113095238095,0.318308830577738,-0.00897742244310067,"CT"
"SCZ","lh_HEMI",11.0148514851485,9.77722772277228,0.289490142178739,-0.00897742244310067,"CT"
"AD","lh_inferiorparietal",16.4108289143176,15.2386268490092,0.326387974311696,0.0124455511705522,"CT"
"ADHD","lh_inferiorparietal",9.07216494845361,9.27835051546392,0.286593166501922,0.0124455511705522,"CT"
"ASD","lh_inferiorparietal",10.3786816269285,9.49041608228144,0.289140936273242,0.0124455511705522,"CT"
"CN","lh_inferiorparietal",9.48660048570576,9.11081760470368,0.28333531005048,0.0124455511705522,"CT"
"MCI","lh_inferiorparietal",13.3466135458167,13.2221115537849,0.310401172585322,0.0124455511705522,"CT"
"SCZ","lh_inferiorparietal",14.6948941469489,10.7098381070984,0.30680655994649,0.0124455511705522,"CT"
"AD","lh_inferiortemporal",18.1008075744918,15.3717627401838,0.332223885804066,-0.000949814733242849,"CT"
"ADHD","lh_inferiortemporal",10,10.1030927835052,0.286734420942796,-0.000949814733242849,"CT"
"ASD","lh_inferiortemporal",12.2725151656556,8.11945870275315,0.290081836460147,-0.000949814733242849,"CT"
"CN","lh_inferiortemporal",9.33833601334048,9.49318087070454,0.283532285567466,-0.000949814733242849,"CT"
"MCI","lh_inferiortemporal",15.1763537009439,12.5931445603577,0.315894512684911,-0.000949814733242849,"CT"
"SCZ","lh_inferiortemporal",9.5771144278607,13.681592039801,0.298353934686827,-0.000949814733242849,"CT"
"AD","lh_insula",12.378031781433,15.5282966267076,0.313064338809018,-0.00979535554687102,"CT"
"ADHD","lh_insula",11.522633744856,8.12757201646091,0.285018743506253,-0.00979535554687102,"CT"
"ASD","lh_insula",11.9906323185012,7.25995316159251,0.283459213187173,-0.00979535554687102,"CT"
"CN","lh_insula",9.66540221477538,9.68156225015735,0.285462085222731,-0.00979535554687102,"CT"
"MCI","lh_insula",11.7047713717694,13.0467196819085,0.303433268185146,-0.00979535554687102,"CT"
"SCZ","lh_insula",10.5328376703841,9.78934324659232,0.294456778612124,-0.00979535554687102,"CT"
"AD","lh_isthmuscingulate",11.7877094972067,13.7150837988827,0.30626686650363,-0.0019818128728929,"CT"
"ADHD","lh_isthmuscingulate",9.07216494845361,10.8247422680412,0.28683582666447,-0.0019818128728929,"CT"
"ASD","lh_isthmuscingulate",8.54341736694678,9.9906629318394,0.280443851534074,-0.0019818128728929,"CT"
"CN","lh_isthmuscingulate",9.35867549218125,9.40461808096105,0.283140309267489,-0.0019818128728929,"CT"
"MCI","lh_isthmuscingulate",10.6858846918489,12.5994035785288,0.298279673532172,-0.0019818128728929,"CT"
"SCZ","lh_isthmuscingulate",8.31265508684863,13.2754342431762,0.293677856641992,-0.0019818128728929,"CT"
"AD","lh_lateraloccipital",15.7836029001673,15.0306748466258,0.321656793913019,0.00617754168722212,"CT"
"ADHD","lh_lateraloccipital",9.40082644628099,11.3636363636364,0.29398812544586,0.00617754168722212,"CT"
"ASD","lh_lateraloccipital",8.81941203919739,12.1791880541297,0.286922148538636,0.00617754168722212,"CT"
"CN","lh_lateraloccipital",9.72561572580302,9.45574351072253,0.284828528136326,0.00617754168722212,"CT"
"MCI","lh_lateraloccipital",12.8479125248509,14.0407554671968,0.3114777319458,0.00617754168722212,"CT"
"SCZ","lh_lateraloccipital",10.4738154613466,11.5960099750623,0.290657537136132,0.00617754168722212,"CT"
"AD","lh_lateralorbitofrontal",13.899721448468,11.866295264624,0.306665908880643,0.00919083309687817,"CT"
"ADHD","lh_lateralorbitofrontal",10.7327141382869,8.97832817337461,0.284203250790337,0.00919083309687817,"CT"
"ASD","lh_lateralorbitofrontal",9.65935604293047,9.70601959869342,0.285264410500249,0.00919083309687817,"CT"
"CN","lh_lateralorbitofrontal",9.56457363615477,9.49054179395321,0.28485387236547,0.00919083309687817,"CT"
"MCI","lh_lateralorbitofrontal",11.9313944817301,10.0919711657967,0.292786045415645,0.00919083309687817,"CT"
"SCZ","lh_lateralorbitofrontal",11.0285006195787,11.0285006195787,0.296289331051362,0.00919083309687817,"CT"
"AD","lh_lingual",12.1508379888268,10.9217877094972,0.299452154294861,0.00573343833398857,"CT"
"ADHD","lh_lingual",11.5822130299897,9.51396070320579,0.288689510892615,0.00573343833398857,"CT"
"ASD","lh_lingual",11.2464854732896,10.543580131209,0.294019482702995,0.00573343833398857,"CT"
"CN","lh_lingual",9.53723019285623,9.58150623696198,0.284894360237034,0.00573343833398857,"CT"
"MCI","lh_lingual",11.0089463220676,9.89065606361829,0.292623097094598,0.00573343833398857,"CT"
"SCZ","lh_lingual",9.06832298136646,10.9316770186335,0.288058430586996,0.00573343833398857,"CT"
"AD","lh_medialorbitofrontal",13.2943143812709,12.5696767001115,0.306280889563787,-0.00912179921902346,"CT"
"ADHD","lh_medialorbitofrontal",8.95983522142122,11.6374871266735,0.290023751933448,-0.00912179921902346,"CT"
"ASD","lh_medialorbitofrontal",8.86607559496034,12.7858142790481,0.289707943851618,-0.00912179921902346,"CT"
"CN","lh_medialorbitofrontal",9.4583216390682,9.50254722356883,0.283816369412851,-0.00912179921902346,"CT"
"MCI","lh_medialorbitofrontal",11.5394180552101,10.4451628948023,0.296202193470986,-0.00912179921902346,"CT"
"SCZ","lh_medialorbitofrontal",9.41759603469641,13.0111524163569,0.293893873111116,-0.00912179921902346,"CT"
"AD","lh_middletemporal",17.8292410714286,16.9642857142857,0.335302280069327,0.000800916642312943,"CT"
"ADHD","lh_middletemporal",12.4613800205973,11.8434603501545,0.300291811511241,0.000800916642312943,"CT"
"ASD","lh_middletemporal",10.8461898083216,8.74240299205236,0.286048423239382,0.000800916642312943,"CT"
"CN","lh_middletemporal",9.16216331219948,9.2234373005404,0.281619524882673,0.000800916642312943,"CT"
"MCI","lh_middletemporal",15.3253849975161,12.5931445603577,0.314151285495527,0.000800916642312943,"CT"
"SCZ","lh_middletemporal",11.6480793060719,8.42627013630731,0.288336351648807,0.000800916642312943,"CT"
"AD","lh_paracentral",11.9353039598438,15.8951477969883,0.308012596005176,-0.0166442274388728,"CT"
"ADHD","lh_paracentral",9.15637860082304,12.037037037037,0.289114546519162,-0.0166442274388728,"CT"
"ASD","lh_paracentral",8.3605791686128,12.0504437178888,0.283986991337518,-0.0166442274388728,"CT"
"CN","lh_paracentral",9.23784382185132,9.50949501830878,0.282833046395469,-0.0166442274388728,"CT"
"MCI","lh_paracentral",9.33300149328024,13.0910900945744,0.294097375793538,-0.0166442274388728,"CT"
"SCZ","lh_paracentral",8.42627013630731,12.8872366790582,0.295127373900479,-0.0166442274388728,"CT"
"AD","lh_parahippocampal",15.605806811837,11.2227805695142,0.309523339616458,-0.00614297773689814,"CT"
"ADHD","lh_parahippocampal",10.4830421377184,8.53031860226105,0.282327042673542,-0.00614297773689814,"CT"
"ASD","lh_parahippocampal",10.042036431574,10.042036431574,0.288252597415765,-0.00614297773689814,"CT"
"CN","lh_parahippocampal",9.34039316341014,9.41943379709505,0.283179282307067,-0.00614297773689814,"CT"
"MCI","lh_parahippocampal",12.2017892644135,9.79125248508946,0.295888606615111,-0.00614297773689814,"CT"
"SCZ","lh_parahippocampal",9.9009900990099,7.67326732673267,0.281441995517282,-0.00614297773689814,"CT"
"AD","lh_parsopercularis",11.535246586793,13.9593201448872,0.30141969906108,-0.0104470356606492,"CT"
"ADHD","lh_parsopercularis",10.082304526749,10.6995884773663,0.292035366806083,-0.0104470356606492,"CT"
"ASD","lh_parsopercularis",9.33706816059757,9.85060690943044,0.285449495311653,-0.0104470356606492,"CT"
"CN","lh_parsopercularis",9.55424855515929,9.67936878122686,0.285181367879176,-0.0104470356606492,"CT"
"MCI","lh_parsopercularis",10.0397614314115,10.2634194831014,0.287689512420711,-0.0104470356606492,"CT"
"SCZ","lh_parsopercularis",10.545905707196,11.9106699751861,0.290844886808171,-0.0104470356606492,"CT"
"AD","lh_parsorbitalis",11.6843279419967,12.3257110987172,0.29942433644337,-0.00647432055075886,"CT"
"ADHD","lh_parsorbitalis",10.9969167523124,13.1551901336074,0.299182270371273,-0.00647432055075886,"CT"
"ASD","lh_parsorbitalis",11.4432508173751,9.57496496964036,0.288254290518218,-0.00647432055075886,"CT"
"CN","lh_parsorbitalis",9.47805234782904,9.57414241738805,0.284495502512122,-0.00647432055075886,"CT"
"MCI","lh_parsorbitalis",9.47655668568594,11.0146365666088,0.289126321235065,-0.00647432055075886,"CT"
"SCZ","lh_parsorbitalis",11.6770186335404,10.6832298136646,0.293643310763415,-0.00647432055075886,"CT"
"AD","lh_parstriangularis",11.2628937831057,12.3501533314748,0.297430818979885,-0.0142665166898422,"CT"
"ADHD","lh_parstriangularis",9.51396070320579,11.1685625646329,0.286520513902054,-0.0142665166898422,"CT"
"ASD","lh_parstriangularis",9.31647940074906,9.97191011235955,0.285250450926819,-0.0142665166898422,"CT"
"CN","lh_parstriangularis",9.35156894952297,9.53114494591443,0.283517199154714,-0.0142665166898422,"CT"
"MCI","lh_parstriangularis",9.73429351874845,10.6779240129128,0.289906673171525,-0.0142665166898422,"CT"
"SCZ","lh_parstriangularis",11.304347826087,11.6770186335404,0.299023242590287,-0.0142665166898422,"CT"
"AD","lh_pericalcarine",10.8568238905945,11.0242813284957,0.291753350153181,0.00340345886899864,"CT"
"ADHD","lh_pericalcarine",9.19421487603306,8.26446280991736,0.278852089408329,0.00340345886899864,"CT"
"ASD","lh_pericalcarine",9.30341280972417,9.95792426367461,0.28557451595119,0.00340345886899864,"CT"
"CN","lh_pericalcarine",9.55699649409442,9.69059532319003,0.285813406746115,0.00340345886899864,"CT"
"MCI","lh_pericalcarine",11.8276892430279,11.3296812749004,0.299727557269463,0.00340345886899864,"CT"
"SCZ","lh_pericalcarine",9.45273631840796,10.3233830845771,0.287771822587664,0.00340345886899864,"CT"
"AD","lh_postcentral",12.6221725774923,13.7112538397096,0.308485056927514,0.0060777458812724,"CT"
"ADHD","lh_postcentral",7.97927461139896,10.0518134715026,0.282291107977441,0.0060777458812724,"CT"
"ASD","lh_postcentral",10.3367633302152,10.8512628624883,0.292926366279358,0.0060777458812724,"CT"
"CN","lh_postcentral",8.35406886762606,9.03470743657492,0.278015737217862,0.0060777458812724,"CT"
"MCI","lh_postcentral",9.10224438902743,10.8977556109726,0.289073152537442,0.0060777458812724,"CT"
"SCZ","lh_postcentral",11.1940298507463,9.82587064676617,0.290827393414151,0.0060777458812724,"CT"
"AD","lh_posteriorcingulate",13.2422637301366,12.991357680513,0.309599905145368,-0.00392367605610156,"CT"
"ADHD","lh_posteriorcingulate",8.8477366255144,10.6995884773663,0.283705142230925,-0.00392367605610156,"CT"
"ASD","lh_posteriorcingulate",8.91273915072328,10.079328044797,0.2857453409637,-0.00392367605610156,"CT"
"CN","lh_posteriorcingulate",9.43161800372737,9.52182386030006,0.283697128241762,-0.00392367605610156,"CT"
"MCI","lh_posteriorcingulate",11.2959285004965,11.3455809334657,0.295200077179708,-0.00392367605610156,"CT"
"SCZ","lh_posteriorcingulate",11.6480793060719,11.4002478314746,0.303129671621046,-0.00392367605610156,"CT"
"AD","lh_precentral",13.2960893854749,12.5418994413408,0.304072231309473,-0.0215845465940738,"CT"
"ADHD","lh_precentral",9.49432404540764,8.87512899896801,0.277977208933071,-0.0215845465940738,"CT"
"ASD","lh_precentral",8.6263478668542,11.6268166901078,0.290511659907604,-0.0215845465940738,"CT"
"CN","lh_precentral",8.81737468029589,8.70025748559717,0.277531485581232,-0.0215845465940738,"CT"
"MCI","lh_precentral",9.67661691542289,9.87562189054726,0.28404037024993,-0.0215845465940738,"CT"
"SCZ","lh_precentral",11.0137672090113,10.7634543178974,0.293545396325672,-0.0215845465940738,"CT"
"AD","lh_precuneus",16.4341517857143,14.5368303571429,0.323165140795616,0.00341084898839934,"CT"
"ADHD","lh_precuneus",10.7216494845361,11.1340206185567,0.294605602855522,0.00341084898839934,"CT"
"ASD","lh_precuneus",10.9864422627396,9.20991117344554,0.286199195057394,0.00341084898839934,"CT"
"CN","lh_precuneus",9.56138255766344,9.6313293298758,0.285364451117208,0.00341084898839934,"CT"
"MCI","lh_precuneus",10.5236907730673,11.9950124688279,0.294953697952059,0.00341084898839934,"CT"
"SCZ","lh_precuneus",10.4477611940298,10.5721393034826,0.292047633866922,0.00341084898839934,"CT"
"AD","lh_rostralanteriorcingulate",16.067947646895,10.6655527708159,0.307626054075409,-4.17999197857382e-05,"CT"
"ADHD","lh_rostralanteriorcingulate",7.92996910401648,9.37178166838311,0.279665451202736,-4.17999197857382e-05,"CT"
"ASD","lh_rostralanteriorcingulate",9.6969696969697,9.79020979020979,0.284468605982015,-4.17999197857382e-05,"CT"
"CN","lh_rostralanteriorcingulate",9.64050899576969,9.55641256519597,0.285118536967991,-4.17999197857382e-05,"CT"
"MCI","lh_rostralanteriorcingulate",11.869878321331,10.1067792401291,0.296087405697,-4.17999197857382e-05,"CT"
"SCZ","lh_rostralanteriorcingulate",16.1490683229814,8.32298136645963,0.296581568515565,-4.17999197857382e-05,"CT"
"AD","lh_rostralmiddlefrontal",13.3370535714286,11.6908482142857,0.302961803495167,-0.0254183954548543,"CT"
"ADHD","lh_rostralmiddlefrontal",10.8583247156153,12.9265770423992,0.29945699887265,-0.0254183954548543,"CT"
"ASD","lh_rostralmiddlefrontal",11.3084112149533,12.6635514018692,0.301749290626818,-0.0254183954548543,"CT"
"CN","lh_rostralmiddlefrontal",9.35438225616721,9.6177779293179,0.284036997459193,-0.0254183954548543,"CT"
"MCI","lh_rostralmiddlefrontal",11.3738178198109,8.43703334992534,0.288009173460586,-0.0254183954548543,"CT"
"SCZ","lh_rostralmiddlefrontal",13.2919254658385,9.93788819875776,0.294390778583736,-0.0254183954548543,"CT"
"AD","lh_superiorfrontal",14.5844952593419,13.7757947573898,0.313914642494936,-0.0217543064486436,"CT"
"ADHD","lh_superiorfrontal",9.48453608247423,7.62886597938144,0.276645072581224,-0.0217543064486436,"CT"
"ASD","lh_superiorfrontal",10.632318501171,11.7564402810304,0.294620020153575,-0.0217543064486436,"CT"
"CN","lh_superiorfrontal",9.42979275274524,9.51767446225779,0.28384991446892,-0.0217543064486436,"CT"
"MCI","lh_superiorfrontal",10.0924306769923,12.790407194604,0.294708462721765,-0.0217543064486436,"CT"
"SCZ","lh_superiorfrontal",9.16976456009913,10.1610904584882,0.283506613174765,-0.0217543064486436,"CT"
"AD","lh_superiorparietal",15.5133928571429,15.0948660714286,0.321868651360001,0.00640553441772286,"CT"
"ADHD","lh_superiorparietal",10.7438016528926,13.0165289256198,0.301511467353826,0.00640553441772286,"CT"
"ASD","lh_superiorparietal",10.3271028037383,11.3084112149533,0.293528946293843,0.00640553441772286,"CT"
"CN","lh_superiorparietal",9.43096784102253,9.42328859461258,0.283736676958952,0.00640553441772286,"CT"
"MCI","lh_superiorparietal",13.096421471173,14.3389662027833,0.314002311519796,0.00640553441772286,"CT"
"SCZ","lh_superiorparietal",10.4607721046077,10.0871731008717,0.293013291336549,0.00640553441772286,"CT"
"AD","lh_superiortemporal",16.0111576011158,15.258019525802,0.326060278049537,-0.0109530498334855,"CT"
"ADHD","lh_superiortemporal",9.42028985507246,10.2484472049689,0.292395370808866,-0.0109530498334855,"CT"
"ASD","lh_superiortemporal",9.06965871902758,11.9214586255259,0.292266713924178,-0.0109530498334855,"CT"
"CN","lh_superiortemporal",9.46276102186923,9.37252598513676,0.283395331165629,-0.0109530498334855,"CT"
"MCI","lh_superiortemporal",13.6635141861623,12.667994026879,0.311382046601623,-0.0109530498334855,"CT"
"SCZ","lh_superiortemporal",9.44099378881988,11.6770186335404,0.289125054116563,-0.0109530498334855,"CT"
"AD","lh_supramarginal",16.094839609484,13.2775453277545,0.316910714141304,0.0120208708765817,"CT"
"ADHD","lh_supramarginal",12.0867768595041,10.6404958677686,0.296982814124234,0.0120208708765817,"CT"
"ASD","lh_supramarginal",10.814606741573,8.94194756554307,0.286966057295252,0.0120208708765817,"CT"
"CN","lh_supramarginal",9.28894684359899,9.10315086122404,0.281441052716344,0.0120208708765817,"CT"
"MCI","lh_supramarginal",12.6620139581256,9.59621136590229,0.294340269578064,0.0120208708765817,"CT"
"SCZ","lh_supramarginal",11.2079701120797,8.59277708592777,0.286695598259202,0.0120208708765817,"CT"
"AD","lh_temporalpole",14.1861761426979,15.8305462653289,0.3184077171432,0.00555668382496027,"CT"
"ADHD","lh_temporalpole",10.4338842975207,8.05785123966942,0.279722025569145,0.00555668382496027,"CT"
"ASD","lh_temporalpole",9.46828358208955,8.11567164179104,0.273824906011453,0.00555668382496027,"CT"
"CN","lh_temporalpole",9.09863223175601,9.41806133718461,0.281820086145838,0.00555668382496027,"CT"
"MCI","lh_temporalpole",12.6211180124224,13.8633540372671,0.309266763837552,0.00555668382496027,"CT"
"SCZ","lh_temporalpole",10.2850061957869,8.55018587360595,0.283751745240462,0.00555668382496027,"CT"
"AD","lh_transversetemporal",11.5663322185061,13.5451505016722,0.304393055890438,-0.00285933422637098,"CT"
"ADHD","lh_transversetemporal",11.0309278350515,8.24742268041237,0.285328341041469,-0.00285933422637098,"CT"
"ASD","lh_transversetemporal",11.1163007940215,10.2288650163475,0.290532346542964,-0.00285933422637098,"CT"
"CN","lh_transversetemporal",9.45425483977929,9.5443763337556,0.284562543440856,-0.00285933422637098,"CT"
"MCI","lh_transversetemporal",10.4099378881988,10.0372670807453,0.28800093448236,-0.00285933422637098,"CT"
"SCZ","lh_transversetemporal",7.43494423791822,11.0285006195787,0.285343141149791,-0.00285933422637098,"CT"
"AD","Left-Accumbens-area",12.781954887218,12.280701754386,0.303780897215175,0.00187926286169218,"SUBC"
"ADHD","Left-Accumbens-area",7.9136690647482,11.9218910585817,0.285559844822148,0.00187926286169218,"SUBC"
"ASD","Left-Accumbens-area",7.72904906643508,12.5488493269648,0.290120016069795,0.00187926286169218,"SUBC"
"CN","Left-Accumbens-area",9.38114754098361,9.74918032786885,0.284513435711436,0.00187926286169218,"SUBC"
"MCI","Left-Accumbens-area",13.8957816377171,9.50372208436725,0.297166688413318,0.00187926286169218,"SUBC"
"SCZ","Left-Accumbens-area",12.6005361930295,11.9302949061662,0.301667404561214,0.00187926286169218,"SUBC"
"AD","Left-Amygdala",20.7069301419427,12.4408572223768,0.330640256012073,0.0103194285526462,"SUBC"
"ADHD","Left-Amygdala",9.04419321685509,12.4357656731757,0.287966169713221,0.0103194285526462,"SUBC"
"ASD","Left-Amygdala",10.7685627442466,11.202778983934,0.293406842189198,0.0103194285526462,"SUBC"
"CN","Left-Amygdala",9.30513004367381,9.69379440714425,0.2843365415682,0.0103194285526462,"SUBC"
"MCI","Left-Amygdala",17.1917638303151,12.2798313073679,0.317403411862094,0.0103194285526462,"SUBC"
"SCZ","Left-Amygdala",12.4077800134138,8.98725687458082,0.294659618396756,0.0103194285526462,"SUBC"
"AD","Left-Caudate",13.1366546061787,15.8363484553298,0.316751053422896,-0.00918341330433223,"SUBC"
"ADHD","Left-Caudate",9.87654320987654,7.92181069958848,0.276368005992033,-0.00918341330433223,"SUBC"
"ASD","Left-Caudate",10.5080330004342,8.16326530612245,0.277795801214236,-0.00918341330433223,"SUBC"
"CN","Left-Caudate",8.49390258843901,9.05831134780158,0.276914258246198,-0.00918341330433223,"SUBC"
"MCI","Left-Caudate",9.82874162323157,10.7967237527923,0.288171245725263,-0.00918341330433223,"SUBC"
"SCZ","Left-Caudate",10.9919571045576,8.78016085790885,0.283846175839189,-0.00918341330433223,"SUBC"
"AD","Right-Cerebellum-Cortex",8.98970219871973,11.8842193153354,0.289590305524614,-0.00643482182500082,"SUBC"
"ADHD","Right-Cerebellum-Cortex",7.70811921891059,9.55806783144913,0.27462621580992,-0.00643482182500082,"SUBC"
"ASD","Right-Cerebellum-Cortex",9.55275727312202,6.73035171515415,0.270102977471905,-0.00643482182500082,"SUBC"
"CN","Right-Cerebellum-Cortex",9.34635476558137,8.96852515031048,0.281286498281033,-0.00643482182500082,"SUBC"
"MCI","Right-Cerebellum-Cortex",9.97271148598363,10.2207888861325,0.287861952201158,-0.00643482182500082,"SUBC"
"SCZ","Right-Cerebellum-Cortex",11.1930294906166,9.91957104557641,0.290868318435946,-0.00643482182500082,"SUBC"
"AD","Right-Cerebellum-White-Matter",9.49067631505705,10.7709435012524,0.285492697072161,-0.00284495954792536,"SUBC"
"ADHD","Right-Cerebellum-White-Matter",9.2497430626927,8.42754367934224,0.276735347386998,-0.00284495954792536,"SUBC"
"ASD","Right-Cerebellum-White-Matter",9.03562119895743,9.07906168549088,0.28045513613513,-0.00284495954792536,"SUBC"
"CN","Right-Cerebellum-White-Matter",8.75148947438104,9.23805110552098,0.27925538830164,-0.00284495954792536,"SUBC"
"MCI","Right-Cerebellum-White-Matter",9.0548251054329,10.2455966261474,0.284836288906219,-0.00284495954792536,"SUBC"
"SCZ","Right-Cerebellum-White-Matter",11.7962466487936,12.0643431635389,0.299372826093269,-0.00284495954792536,"SUBC"
"AD","Left-choroid-plexus",9.57950431634642,9.63519910888332,0.282893125601306,-0.00223082192488068,"SUBC"
"ADHD","Left-choroid-plexus",10.8941418293936,8.01644398766701,0.284828007050109,-0.00223082192488068,"SUBC"
"ASD","Left-choroid-plexus",8.14889336016097,9.00402414486922,0.275975425985345,-0.00223082192488068,"SUBC"
"CN","Left-choroid-plexus",9.20892290649076,9.33984591369152,0.281588594937533,-0.00223082192488068,"SUBC"
"MCI","Left-choroid-plexus",7.46712974448028,9.50136442570082,0.276135095385226,-0.00223082192488068,"SUBC"
"SCZ","Left-choroid-plexus",6.61252900232019,9.97679814385151,0.271296163098738,-0.00223082192488068,"SUBC"
"AD","Left-Hippocampus",19.8273461431356,21.1083263714843,0.351823634759307,-0.00303276609687127,"SUBC"
"ADHD","Left-Hippocampus",8.83864337101747,11.8191161356629,0.287026622579734,-0.00303276609687127,"SUBC"
"ASD","Left-Hippocampus",11.0725141120278,10.7685627442466,0.292937818479544,-0.00303276609687127,"SUBC"
"CN","Left-Hippocampus",9.0258452549026,9.03971861560182,0.279923245965423,-0.00303276609687127,"SUBC"
"MCI","Left-Hippocampus",15.480029769288,14.4381046886629,0.319315719911556,-0.00303276609687127,"SUBC"
"SCZ","Left-Hippocampus",9.58445040214477,7.70777479892761,0.279757083314718,-0.00303276609687127,"SUBC"
"AD","Left-Inf-Lat-Vent",11.6337322571667,12.0233787920957,0.300319707069964,-0.0117750951551349,"SUBC"
"ADHD","Left-Inf-Lat-Vent",8.43621399176955,11.4197530864198,0.279220324452006,-0.0117750951551349,"SUBC"
"ASD","Left-Inf-Lat-Vent",8.60121633362294,10.5125977410947,0.279873425010013,-0.0117750951551349,"SUBC"
"CN","Left-Inf-Lat-Vent",8.92314515201787,8.71700530543191,0.27765971418991,-0.0117750951551349,"SUBC"
"MCI","Left-Inf-Lat-Vent",12.7823281211219,8.1409779101514,0.292532232389605,-0.0117750951551349,"SUBC"
"SCZ","Left-Inf-Lat-Vent",8.51206434316354,7.171581769437,0.270950893043425,-0.0117750951551349,"SUBC"
"AD","Left-Lateral-Ventricle",9.51850821040913,10.0473142220985,0.284985967999791,0.0301165163707177,"SUBC"
"ADHD","Left-Lateral-Ventricle",9.04419321685509,10.688591983556,0.276140407266865,0.0301165163707177,"SUBC"
"ASD","Left-Lateral-Ventricle",9.29626411815812,9.68722849695917,0.282650914427267,0.0301165163707177,"SUBC"
"CN","Left-Lateral-Ventricle",8.68173409474785,9.37665889165929,0.277455608893558,0.0301165163707177,"SUBC"
"MCI","Left-Lateral-Ventricle",7.56636070453982,10.3696353262218,0.275928280280731,0.0301165163707177,"SUBC"
"SCZ","Left-Lateral-Ventricle",5.36193029490617,9.45040214477212,0.264168642700682,0.0301165163707177,"SUBC"
"AD","Left-Pallidum",12.1903701642082,12.4130253270248,0.303363617362961,0.0187500496170352,"SUBC"
"ADHD","Left-Pallidum",9.14696813977389,11.2024665981501,0.281977317957783,0.0187500496170352,"SUBC"
"ASD","Left-Pallidum",9.90013026487191,9.24880590534086,0.283698400908629,0.0187500496170352,"SUBC"
"CN","Left-Pallidum",9.10738150483327,9.00079529708856,0.280123111670369,0.0187500496170352,"SUBC"
"MCI","Left-Pallidum",8.39126117179742,10.5014895729891,0.283424096482757,0.0187500496170352,"SUBC"
"SCZ","Left-Pallidum",9.24932975871314,8.98123324396783,0.284154708622779,0.0187500496170352,"SUBC"
"AD","Left-Putamen",17.3392708043418,15.4188700250487,0.327403087854543,-0.0287295099906921,"SUBC"
"ADHD","Left-Putamen",10.174717368962,7.81089414182939,0.276777757658161,-0.0287295099906921,"SUBC"
"ASD","Left-Putamen",8.55405992184108,9.63960052105949,0.274956593909268,-0.0287295099906921,"SUBC"
"CN","Left-Putamen",8.73940023239141,8.49547166390599,0.275827249391042,-0.0287295099906921,"SUBC"
"MCI","Left-Putamen",13.6194492681717,11.2627139667576,0.30448902923837,-0.0287295099906921,"SUBC"
"SCZ","Left-Putamen",9.59087860496311,9.72501676727029,0.283296276979688,-0.0287295099906921,"SUBC"
"AD","Left-Thalamus-Proper",13.9742873113471,11.3471212968139,0.305286080709621,0.0284980836115126,"SUBC"
"ADHD","Left-Thalamus-Proper",10.3802672147996,10.7913669064748,0.28884564014249,0.0284980836115126,"SUBC"
"ASD","Left-Thalamus-Proper",9.50933564915328,8.59748154580981,0.278826426918565,0.0284980836115126,"SUBC"
"CN","Left-Thalamus-Proper",9.36160095755757,9.74691950121744,0.284565075396586,0.0284980836115126,"SUBC"
"MCI","Left-Thalamus-Proper",14.6613743487968,10.5184817663111,0.303672112102774,0.0284980836115126,"SUBC"
"SCZ","Left-Thalamus-Proper",11.058981233244,8.78016085790885,0.285943625849391,0.0284980836115126,"SUBC"
"AD","Left-VentralDC",15.3717627401838,9.38457254246728,0.303607190990307,-0.00119278692721584,"SUBC"
"ADHD","Left-VentralDC",9.35251798561151,13.2579650565262,0.291250682107442,-0.00119278692721584,"SUBC"
"ASD","Left-VentralDC",10.251954821894,10.2953953084275,0.290612089905804,-0.00119278692721584,"SUBC"
"CN","Left-VentralDC",9.46679124049305,9.62332808811959,0.284949825040453,-0.00119278692721584,"SUBC"
"MCI","Left-VentralDC",12.6271396675763,10.7169436864302,0.300657917559488,-0.00119278692721584,"SUBC"
"SCZ","Left-VentralDC",9.24932975871314,10.3887399463807,0.287171631395712,-0.00119278692721584,"SUBC"
"AD","Left-vessel",13.8559444605149,15.6783338154469,0.315879828115644,0.0366261365431342,"SUBC"
"ADHD","Left-vessel",11.0651499482937,10.8583247156153,0.290655605096117,0.0366261365431342,"SUBC"
"ASD","Left-vessel",12.8323108384458,10.4294478527607,0.29351943937245,0.0366261365431342,"SUBC"
"CN","Left-vessel",7.86787303088264,8.36968902452129,0.267242978639367,0.0366261365431342,"SUBC"
"MCI","Left-vessel",10.280140070035,12.6063031515758,0.292494112351901,0.0366261365431342,"SUBC"
"SCZ","Left-vessel",11.1633372502938,10.6933019976498,0.291946150742284,0.0366261365431342,"SUBC"
